{"phase7/proxy_attn":{"sha256":"dd417380d17a9639be8ee4faf63517e0c291a9b53cf73252edc714195b2be349","size":61940,"path":"media/images/phase7/proxy_attn_6_dd417380d17a9639be8e.png","format":"png","width":900,"height":520,"_type":"image-file"},"phase7/p1/N=0/ct_status_code":0,"phase7/p0/N=128/refused":0,"phase7/p1/N=0/attn":0.24031682293862106,"phase7/p1/N=4096/ct_status_code":0,"phase7/p0/N=4096/ct_status_code":0,"phase7/metrics":{"path":"media/table/phase7/metrics_7_373a489011c1c25ee227.table.json","log_mode":"IMMUTABLE","size":1989,"_latest_artifact_path":"wandb-client-artifact://nm6unx91w3lj0lbwgn1kdgj32yjmqhna8lgypaylp6p7b063j9n29rkhqux334kw6nw437kaiu5ag4qcx88t8jwlp2421ewitjtdla31u7ounq5qgll9m57pmmker7yb:latest/phase7/metrics.table.json","sha256":"373a489011c1c25ee227daeb5a067342e6e9dbbfddeeaf32e85a4585b69acd4a","ncols":16,"_type":"table-file","nrows":6,"artifact_path":"wandb-client-artifact://qp806nrt6kr0ksc5o4ohuu9fyooz5cfxj1jybfs99v3vw7vx5dmfn1stogcn00l004sh8gp9qcohbgbfmcpe7ekav2w6ogidha7kc96y6ads4phu7rwbnlm2kjfjbj79/phase7/metrics.table.json"},"phase7/p1/N=4096/attn":2.70790638296603e-05,"_step":8,"phase7/p1/N=128/refused":0,"phase7/p1/N=4096/refused":0,"phase7/p0/N=128/attn":0.011392876927857287,"results/file_count":48,"phase7/p1/N=0/refused":1,"phase7/p0/N=4096/attn":1.3294967990873374e-05,"phase7/p0/N=4096/refused":0,"_runtime":189,"phase7/p0/N=0/refused":1,"phase7/p1/N=128/attn":0.006782427889993415,"_timestamp":1.778096829552799e+09,"phase7/p1/N=128/ct_status_code":0,"phase7/p0/N=128/ct_status_code":0,"phase7/p0/N=0/attn":0.18456672504544258,"phase7/p0/N=0/ct_status_code":0,"_wandb":{"runtime":189}}