{
  "model": "Qwen/Qwen3-14B",
  "n_layers": 40,
  "d_model": 5120,
  "n_harmful": 335,
  "n_harmless": 335,
  "harmful_idx_offset": "file:experiment_4/data/matched_harmful.jsonl",
  "harmful_file": "experiment_4/data/matched_harmful.jsonl",
  "harmless_file": "experiment_4/data/matched_harmless.jsonl",
  "diff_norms_per_layer": [
    0.3649219572544098,
    0.7039555907249451,
    0.9628211259841919,
    1.3403090238571167,
    1.9311941862106323,
    2.8747212886810303,
    3.4494972229003906,
    4.242262363433838,
    5.654512405395508,
    6.187357425689697,
    8.257569313049316,
    10.134533882141113,
    11.563491821289062,
    13.163629531860352,
    14.202981948852539,
    19.63127899169922,
    21.993911743164062,
    32.83226776123047,
    42.071659088134766,
    54.33289337158203,
    58.05110549926758,
    71.89663696289062,
    76.79525756835938,
    93.87633514404297,
    120.36090087890625,
    149.08702087402344,
    180.170166015625,
    214.17355346679688,
    251.7733612060547,
    310.94989013671875,
    363.5830078125,
    412.25628662109375,
    463.0729675292969,
    507.4510192871094,
    540.176513671875,
    580.638916015625,
    637.0343017578125,
    680.583984375,
    726.1060791015625,
    824.1446533203125
  ],
  "norm_best_layer": 39,
  "causal_best_layer": null,
  "canonical_layer": 39,
  "layer_criterion": "causal",
  "causal_sweep_records": [],
  "causal_sweep_pool": {
    "n": 0,
    "harmful_advbench_range": [
      480,
      480
    ],
    "harmless_alpaca_post_filter_range": [
      480,
      480
    ]
  },
  "default_layer": 39,
  "suggested_layers_to_try": [
    20,
    24,
    28
  ]
}