{"phase7b/layer/p7/L4/recovery":-0.0048958578121331515,"phase7b/layer/p1/L32/recovery":-2.2782683548443264e-05,"phase7b/layer/p4/L12/recovery":0.0017347280488442447,"phase7b/layer/p1/L8/recovery":-0.012998878055645183,"phase7b/layer/p6/L4/recovery":-0.00013481965814548014,"phase7/suffix/p0/N=128/refused":0,"phase7b/layer/p7/L12/recovery":0.007876411600041011,"phase7b/layer/p0/L20/recovery":-0.0027210944405149555,"phase7b/layer/p3/L24/recovery":0.00018289896870378098,"phase7b/layer/p5/L16/recovery":-0.003277417584662172,"phase7b/layer/p0/L8/recovery":-0.0015290983864329278,"phase7b/layer/p3/L20/recovery":-0.00023409690834315185,"phase7b/layer/p7/L16/recovery":0.00247888460840316,"phase7b/layer/p7/L28/recovery":-0.0007234160834407754,"phase7b/layer/p7/L20/recovery":-0.0012127163249859858,"phase7b/layer/p1/L12/recovery":-0.01679725311569647,"phase7/proxy_attn":{"sha256":"76d5eb063c12072614ee26955520dd48e75d2f15ef1a5626bf1b1a5b957da720","size":60909,"path":"media/images/phase7/proxy_attn_6_76d5eb063c12072614ee.png","format":"png","width":900,"height":520,"_type":"image-file"},"phase7b/layer/p3/L0/recovery":0,"phase7b/layer/p3/L28/recovery":0.0002590680553270697,"phase7b/layer/p7/L8/recovery":0.006298871648638261,"phase7b/layer/p1/L24/recovery":-0.001956761098559616,"phase7b/layer/p0/L24/recovery":-0.0003387115224262246,"phase7b/layer/p6/L12/recovery":-0.0002708543288080426,"phase7b/layer/p0/L12/recovery":0.0035194826021725354,"phase7/suffix/p0/N=0/attn":0.1169974273070693,"phase7b/layer/p2/L12/recovery":0.004500308803090282,"phase7b/layer/p5/L12/recovery":-0.001848996446679674,"phase7b/layer/p6/L28/recovery":-0.0003361145203505601,"phase7b/layer/p1/L28/recovery":-7.056874543164014e-05,"phase7/suffix/p1/N=128/refused":0,"phase7b/layer/p7/L0/recovery":0,"phase7b/layer/p5/L0/recovery":0,"phase7b/layer/p3/L8/recovery":-0.0029232646374311986,"phase7b/layer/p4/L20/recovery":-0.0017170185718719813,"phase7b/layer/p2/L8/recovery":-0.002014478490141508,"phase7b/layer/p6/L0/recovery":0,"phase7b/layer/p5/L4/recovery":0.0008561660568412082,"phase7b/layer/p1/L20/recovery":-0.002782859559067068,"phase7b/layer/p6/L32/recovery":7.297084790092451e-05,"_step":81,"phase7/suffix/p0/N=0/ct_status_code":0,"phase7/suffix/p1/N=0/refused":1,"phase7b/layer/p5/L24/recovery":-0.0014052067919170413,"phase7/suffix/p0/N=4096/ct_status_code":0,"phase7b/layer/p4/L0/recovery":0,"phase7b/layer/p3/L12/recovery":0.0002650424984416323,"phase7b/layer/p6/L16/recovery":-0.0033697671192518194,"phase7b/layer/p5/L8/recovery":-0.011709564029337404,"phase7b/layer/p3/L16/recovery":0.0022077693805010825,"phase7/suffix/p1/N=128/ct_status_code":0,"phase7b/layer/p5/L20/recovery":-0.0034439697923679333,"phase7b/layer/p5/L28/recovery":-4.881209521771601e-05,"phase7b/layer/p4/L28/recovery":0.00018755089708391795,"phase7b/layer/p2/L28/recovery":0.00020540787585147984,"phase7b/layer/p2/L0/recovery":0,"phase7/suffix/p0/N=128/attn":0.010848757997155189,"phase7/suffix/p1/N=0/attn":0.1086328137665987,"results/file_count":43,"phase7b/layer/p6/L24/recovery":-0.0016142142258198432,"_wandb":{"runtime":157},"phase7b/layer/p2/L16/recovery":-0.0006317279720297676,"phase7/metrics":{"ncols":16,"path":"media/table/phase7/metrics_7_126b53b80aab3c9832bd.table.json","sha256":"126b53b80aab3c9832bda334960b5cf77cd625db02a4cc1382f1f86a05f97773","_type":"table-file","artifact_path":"wandb-client-artifact://p2oiisnntiimj6crtw2bh0nd81w0ydbw7f84uq8cs6rv0ug7l63e84nx9w1i1e6xkr4gtphkbb9efdltv2sj49ke8n9gh7zizr9i4u3bl0h46wbpj0190wq4jy8n2al2/phase7/metrics.table.json","log_mode":"IMMUTABLE","nrows":6,"_latest_artifact_path":"wandb-client-artifact://v61m9xo6vrzbsdlac4qtd29z5rb0wuoekxkjrfs3a2840854bydmtk75tey0q7cgol52gr9hb30wqonnc7c4uoh8fax98u2ijvt2sftz82r38q0ty7sfu0d4udo6wbs4:latest/phase7/metrics.table.json","size":1783},"phase7b/layer/p3/L32/recovery":2.6206540305912146e-05,"phase7b/layer/p0/L0/recovery":0,"phase7/suffix/p0/N=4096/refused":NaN,"phase7b/layer/p4/L32/recovery":8.685179664056874e-05,"phase7b/layer/p2/L20/recovery":0.006573002650354121,"phase7b/layer/p0/L32/recovery":-5.609176833989331e-06,"phase7b/layer/p1/L4/recovery":-0.023501119435792188,"phase7b/layer/p0/L28/recovery":0.00035195285790318306,"phase7b/layer_curve":{"width":900,"height":480,"_type":"image-file","sha256":"ab18217b8514c47d6b6c1e30b71e0f7c0fb6b57b073b08e56098a3dd64eea029","size":49772,"path":"media/images/phase7b/layer_curve_80_ab18217b8514c47d6b6c.png","format":"png"},"phase7b/layer/p4/L4/recovery":0.011338963628219675,"_timestamp":1.7782530581447415e+09,"phase7b/layer/p7/L32/recovery":-8.053819797569989e-05,"phase7b/layer/p5/L32/recovery":-0.00011769244442630939,"phase7/suffix/p1/N=4096/refused":NaN,"_runtime":157,"phase7/suffix/p0/N=4096/attn":NaN,"phase7b/layer/p1/L16/recovery":-0.016165259829103554,"phase7b/layer/p0/L4/recovery":0.002534704252933048,"phase7/suffix/p1/N=128/attn":0.01823622405063361,"phase7/suffix/p0/N=128/ct_status_code":0,"phase7b/layer/p0/L16/recovery":-0.0011175595188834318,"phase7b/layer/p6/L8/recovery":0.0004036879088005997,"phase7b/layer/p4/L16/recovery":0.009046905151149915,"phase7/suffix/p1/N=4096/attn":NaN,"phase7b/layer/p2/L24/recovery":0.0017796419859228453,"phase7b/layer/p7/L24/recovery":0.0005400969479225281,"phase7b/layer/p4/L8/recovery":0.007520310556402564,"phase7/suffix/p1/N=4096/ct_status_code":0,"phase7/suffix/p1/N=0/ct_status_code":0,"phase7/suffix/p0/N=0/refused":1,"phase7b/layer/p3/L4/recovery":0.0089414123223031,"phase7b/layer/p2/L4/recovery":0.00348497174752923,"phase7b/layer/p6/L20/recovery":0.0035701039908184306,"phase7b/layer/p2/L32/recovery":7.702795344430493e-05,"phase7b/layer/p4/L24/recovery":0.001135196313791208,"phase7b/layer/p1/L0/recovery":0}