{
  "model": "Qwen/Qwen3-14B",
  "n_layers": 40,
  "d_model": 5120,
  "n_harmful": 256,
  "n_harmless": 256,
  "harmful_idx_offset": 100,
  "diff_norms_per_layer": [
    0.40114539861679077,
    0.7819715738296509,
    1.0590866804122925,
    1.4488282203674316,
    2.1733124256134033,
    3.6748130321502686,
    4.344974040985107,
    5.426427364349365,
    6.906005859375,
    7.533050537109375,
    10.201472282409668,
    12.394075393676758,
    14.339232444763184,
    15.604094505310059,
    16.143003463745117,
    21.67253303527832,
    23.65848731994629,
    34.18666458129883,
    43.01402282714844,
    55.883548736572266,
    58.3480339050293,
    70.79998779296875,
    75.2326889038086,
    92.15190124511719,
    117.84009552001953,
    146.86582946777344,
    177.72421264648438,
    210.72732543945312,
    246.5400390625,
    304.6105041503906,
    354.1401672363281,
    402.48492431640625,
    452.74639892578125,
    496.380859375,
    527.9046020507812,
    568.3963623046875,
    625.6134033203125,
    671.6043090820312,
    714.8612670898438,
    818.8640747070312
  ],
  "default_layer": 20,
  "suggested_layers_to_try": [
    20,
    24,
    28
  ]
}