{
  "refusal_dirs": [
    {
      "name": "refusal_direction",
      "by_layer": {
        "36": {
          "harm_refusal": {
            "n": 50,
            "mean": 506.2700500488281,
            "std": 53.386722564697266
          },
          "policy_refusal": {
            "n": 50,
            "mean": 196.65525817871094,
            "std": 143.19338989257812
          },
          "harmless": {
            "n": 50,
            "mean": -98.90701293945312,
            "std": 44.260498046875
          }
        },
        "28": {
          "harm_refusal": {
            "n": 50,
            "mean": 184.90525817871094,
            "std": 20.046241760253906
          },
          "policy_refusal": {
            "n": 50,
            "mean": 59.24940872192383,
            "std": 66.75312805175781
          },
          "harmless": {
            "n": 50,
            "mean": -43.567901611328125,
            "std": 21.54108238220215
          }
        }
      }
    },
    {
      "name": "refusal_direction_matched",
      "by_layer": {
        "36": {
          "harm_refusal": {
            "n": 50,
            "mean": 510.68084716796875,
            "std": 49.83906555175781
          },
          "policy_refusal": {
            "n": 50,
            "mean": 209.84361267089844,
            "std": 145.62461853027344
          },
          "harmless": {
            "n": 50,
            "mean": -98.30458068847656,
            "std": 55.17601776123047
          }
        },
        "28": {
          "harm_refusal": {
            "n": 50,
            "mean": 179.72100830078125,
            "std": 20.09471893310547
          },
          "policy_refusal": {
            "n": 50,
            "mean": 57.1268424987793,
            "std": 66.44509887695312
          },
          "harmless": {
            "n": 50,
            "mean": -47.37960433959961,
            "std": 24.325603485107422
          }
        }
      }
    }
  ]
}