{
  "refusal_dirs": [
    {
      "name": "refusal_direction",
      "by_layer": {
        "20": {
          "harm_refusal": {
            "n": 50,
            "mean": 48.46531295776367,
            "std": 9.79679012298584
          },
          "policy_refusal": {
            "n": 50,
            "mean": 5.938478946685791,
            "std": 6.306034088134766
          },
          "harmless": {
            "n": 50,
            "mean": -9.456864356994629,
            "std": 3.9029552936553955
          }
        },
        "28": {
          "harm_refusal": {
            "n": 50,
            "mean": 185.17401123046875,
            "std": 19.7703800201416
          },
          "policy_refusal": {
            "n": 50,
            "mean": 27.437578201293945,
            "std": 40.7974853515625
          },
          "harmless": {
            "n": 50,
            "mean": -43.021873474121094,
            "std": 21.72207260131836
          }
        }
      }
    },
    {
      "name": "refusal_direction_matched",
      "by_layer": {
        "20": {
          "harm_refusal": {
            "n": 50,
            "mean": 44.4471321105957,
            "std": 10.10888671875
          },
          "policy_refusal": {
            "n": 50,
            "mean": 1.7036470174789429,
            "std": 7.958104133605957
          },
          "harmless": {
            "n": 50,
            "mean": -12.105035781860352,
            "std": 4.78701639175415
          }
        },
        "28": {
          "harm_refusal": {
            "n": 50,
            "mean": 179.82142639160156,
            "std": 19.945392608642578
          },
          "policy_refusal": {
            "n": 50,
            "mean": 22.39944839477539,
            "std": 44.18037033081055
          },
          "harmless": {
            "n": 50,
            "mean": -47.26729965209961,
            "std": 24.434974670410156
          }
        }
      }
    }
  ]
}