{
  "refusal_dirs": [
    {
      "name": "refusal_direction",
      "by_layer": {
        "20": {
          "harm_refusal": {
            "n": 50,
            "mean": 48.45797348022461,
            "std": 9.791646957397461
          },
          "policy_refusal": {
            "n": 50,
            "mean": 15.351994514465332,
            "std": 16.59590721130371
          },
          "harmless": {
            "n": 50,
            "mean": -9.457250595092773,
            "std": 3.9053797721862793
          }
        },
        "28": {
          "harm_refusal": {
            "n": 50,
            "mean": 185.18450927734375,
            "std": 19.787479400634766
          },
          "policy_refusal": {
            "n": 50,
            "mean": 59.909358978271484,
            "std": 66.69076538085938
          },
          "harmless": {
            "n": 50,
            "mean": -43.032169342041016,
            "std": 21.71820640563965
          }
        }
      }
    },
    {
      "name": "refusal_direction_matched",
      "by_layer": {
        "20": {
          "harm_refusal": {
            "n": 50,
            "mean": 44.44062423706055,
            "std": 10.10434627532959
          },
          "policy_refusal": {
            "n": 50,
            "mean": 11.207763671875,
            "std": 16.579219818115234
          },
          "harmless": {
            "n": 50,
            "mean": -12.103837013244629,
            "std": 4.787412643432617
          }
        },
        "28": {
          "harm_refusal": {
            "n": 50,
            "mean": 179.83363342285156,
            "std": 19.961957931518555
          },
          "policy_refusal": {
            "n": 50,
            "mean": 57.282615661621094,
            "std": 66.49942016601562
          },
          "harmless": {
            "n": 50,
            "mean": -47.27781295776367,
            "std": 24.432571411132812
          }
        }
      }
    }
  ]
}