{
  "refusal_dirs": [
    {
      "name": "refusal_direction",
      "by_layer": {
        "18": {
          "harm_refusal": {
            "n": 50,
            "mean": 33.67938995361328,
            "std": 7.829777717590332
          },
          "policy_refusal": {
            "n": 50,
            "mean": 10.850319862365723,
            "std": 10.754446983337402
          },
          "harmless": {
            "n": 50,
            "mean": -10.863755226135254,
            "std": 3.9903006553649902
          }
        },
        "28": {
          "harm_refusal": {
            "n": 50,
            "mean": 185.14471435546875,
            "std": 19.78968620300293
          },
          "policy_refusal": {
            "n": 50,
            "mean": 59.890499114990234,
            "std": 66.63058471679688
          },
          "harmless": {
            "n": 50,
            "mean": -43.056976318359375,
            "std": 21.731311798095703
          }
        }
      }
    },
    {
      "name": "refusal_direction_matched",
      "by_layer": {
        "18": {
          "harm_refusal": {
            "n": 50,
            "mean": 30.128976821899414,
            "std": 8.418381690979004
          },
          "policy_refusal": {
            "n": 50,
            "mean": 7.024107456207275,
            "std": 10.672629356384277
          },
          "harmless": {
            "n": 50,
            "mean": -12.929434776306152,
            "std": 4.134012699127197
          }
        },
        "28": {
          "harm_refusal": {
            "n": 50,
            "mean": 179.92572021484375,
            "std": 19.937156677246094
          },
          "policy_refusal": {
            "n": 50,
            "mean": 57.40835952758789,
            "std": 66.4326171875
          },
          "harmless": {
            "n": 50,
            "mean": -47.17182159423828,
            "std": 24.435943603515625
          }
        }
      }
    }
  ]
}