{"phase7b/layer/p4/L8/recovery":0.0019529644761496993,"phase7b/layer/p7/L16/recovery":-0.002598936485607782,"phase7b/layer/p5/L16/recovery":0.02807699244832931,"phase7b/layer/p0/L16/recovery":0.24356126836793665,"_runtime":1365,"phase7b/layer/p3/L24/recovery":0.010041146680698424,"phase7b/layer/p3/L4/recovery":0.0007215307664604221,"_wandb":{"runtime":1365},"phase7b/layer/p2/L36/recovery":2.7481789594781987e-05,"phase7b/layer/p4/L36/recovery":0.0008876878741171405,"phase7b/layer/p6/L12/recovery":0.014552497257195223,"phase7b/layer/p6/L32/recovery":-0.001608202543422377,"phase7b/layer/p5/L8/recovery":0.005469138227205458,"phase7b/layer/p5/L12/recovery":0.0003130368098916375,"phase7b/layer/p4/L12/recovery":0.003357561075496182,"phase7b/layer_curve":{"_type":"image-file","sha256":"8a6d9c530216f8d71b4eca47eceebcc3bc8df55e9c79ce6ff1461fba3adad82b","size":51337,"path":"media/images/phase7b/layer_curve_80_8a6d9c530216f8d71b4e.png","format":"png","width":900,"height":480},"phase7b/layer/p7/L12/recovery":-0.006359660600518023,"phase7b/layer/p1/L28/recovery":0.00033475138662653265,"phase7b/layer/p7/L32/recovery":0.001253217703038108,"phase7b/layer/p1/L8/recovery":0.0020096568136865273,"phase7b/layer/p6/L16/recovery":0.04862280366889236,"phase7b/layer/p0/L32/recovery":0.0043307761098670345,"phase7b/layer/p3/L0/recovery":0.010832316507080473,"phase7b/layer/p6/L4/recovery":0.008112986239574788,"phase7b/layer/p6/L36/recovery":0.0007554999699471187,"phase7b/layer/p2/L8/recovery":0.020578952686115978,"phase7b/layer/p1/L0/recovery":0.0032930226724601315,"phase7b/layer/p5/L36/recovery":0.00045959932670068033,"phase7b/layer/p4/L20/recovery":0.09330957335029982,"phase7b/layer/p4/L16/recovery":0.039818677365596106,"phase7b/layer/p2/L12/recovery":0.022362376379886476,"phase7b/layer/p0/L12/recovery":0.06860647324035389,"phase7b/layer/p0/L24/recovery":0.10394578665591425,"phase7b/layer/p5/L4/recovery":-0.001982985917661474,"phase7b/layer/p2/L0/recovery":0.014280339576114956,"phase7b/layer/p6/L0/recovery":0.010811219640114358,"phase7b/layer/p3/L20/recovery":0.03146025051055651,"phase7b/head_zoom":{"format":"png","width":1100,"height":480,"_type":"image-file","sha256":"9da0b96c1a2d4bb0f1045f64d3c48a0cb108d488215d718d3e5aeee5abb86bba","size":45817,"path":"media/images/phase7b/head_zoom_81_9da0b96c1a2d4bb0f104.png"},"phase7b/layer/p7/L4/recovery":0.0007807068564973708,"phase7b/layer/p5/L28/recovery":0.0001907903470077313,"phase7b/layer/p3/L36/recovery":0.0017109539714721127,"phase7b/layer/p0/L20/recovery":0.2876456895902891,"phase7b/layer/p1/L20/recovery":0.007871971099796954,"phase7b/layer/p5/L24/recovery":0.007826808504968568,"phase7b/layer/p7/L36/recovery":0.0003511489792455142,"phase7b/layer/p3/L28/recovery":0.002313657899455378,"phase7b/layer/p0/L28/recovery":0.006617003256472156,"_step":82,"phase7b/layer/p4/L28/recovery":0.0006588450941617031,"phase7b/layer/p7/L24/recovery":-0.0044834980131574186,"phase7b/layer/p4/L32/recovery":0.0002022364414506185,"phase7b/layer/p0/L0/recovery":0.062604981944231,"results/file_count":58,"phase7b/layer/p6/L28/recovery":-0.005571617173466429,"phase7b/layer/p7/L28/recovery":-0.00012141823602132395,"phase7b/layer/p6/L20/recovery":0.10868188923486144,"phase7b/layer/p0/L4/recovery":0.016630565360763145,"phase7b/layer/p2/L4/recovery":0.016892864666429107,"phase7b/layer/p4/L4/recovery":0.0005242451555279137,"phase7b/layer/p1/L36/recovery":2.18628964479961e-06,"phase7b/layer/p3/L8/recovery":0.0017380971579262856,"phase7b/layer/p5/L0/recovery":0.008917477900889195,"phase7b/layer/p2/L16/recovery":0.08847548733789726,"phase7b/layer/p2/L28/recovery":0.0017009313784336249,"phase7b/layer/p1/L16/recovery":0.006853962687341845,"phase7b/layer/p7/L0/recovery":0.0013226921579574588,"phase7b/layer/p4/L24/recovery":0.011667488559997989,"phase7b/layer/p3/L16/recovery":0.018887651733684258,"phase7b/layer/p7/L8/recovery":-0.0013519475268038224,"phase7b/layer/p0/L8/recovery":0.020131983606332133,"phase7b/layer/p2/L24/recovery":0.055603738768551916,"phase7b/layer/p2/L32/recovery":0.0013971510708497797,"phase7b/layer/p1/L12/recovery":0.00547650335018446,"phase7b/layer/p5/L20/recovery":0.036376983220318994,"phase7b/layer/p0/L36/recovery":0.00183915555366221,"phase7b/layer/p1/L4/recovery":0.0014513365549648854,"phase7b/layer/p1/L32/recovery":-0.00011592870027931096,"_timestamp":1.778101375315183e+09,"phase7b/layer/p6/L8/recovery":0.01752076255819222,"phase7b/layer/p7/L20/recovery":0.006559163614370609,"phase7b/layer/p3/L32/recovery":0.0018646856958423295,"phase7b/layer/p3/L12/recovery":0.0008088555755433858,"phase7b/layer/p5/L32/recovery":0.001108101452844127,"phase7b/layer/p2/L20/recovery":0.17202811584251068,"phase7b/layer/p1/L24/recovery":0.003470375041937325,"phase7b/layer/p6/L24/recovery":0.019664783689155547,"phase7b/layer/p4/L0/recovery":0.00545427247080789}