{
  "decision_constants": {
    "layer": 36,
    "intent_eta2_hi": 0.5,
    "topic_eta2_lo": 0.1
  },
  "refusal_dirs": [
    {
      "name": "refusal_direction",
      "path": "results/qwen3-14b/refusal_direction",
      "by_layer": {
        "36": {
          "terms": {
            "C(intent)": {
              "sum_sq": 16714900.333326785,
              "df": 1.0,
              "F": 5039.229507859412,
              "p": 8.888991600388066e-142,
              "partial_eta2": 0.9625613357149378
            },
            "C(topic)": {
              "sum_sq": 67583.29336664647,
              "df": 1.0,
              "F": 20.375097630255542,
              "p": 1.0966666862719267e-05,
              "partial_eta2": 0.09416563113502442
            },
            "C(intent):C(topic)": {
              "sum_sq": 1204.2126518387927,
              "df": 1.0,
              "F": 0.3630475688080813,
              "p": 0.547515014952143,
              "partial_eta2": 0.0018488589034597503
            }
          },
          "residual_df": 196.0,
          "r_squared": 0.9627090551278513,
          "auc_intent": 1.0,
          "auc_topic": 0.6197
        },
        "28": {
          "terms": {
            "C(intent)": {
              "sum_sq": 2608246.201685023,
              "df": 1.0,
              "F": 6408.748892442077,
              "p": 1.1400111413673701e-151,
              "partial_eta2": 0.9703243827749021
            },
            "C(topic)": {
              "sum_sq": 18749.172269892675,
              "df": 1.0,
              "F": 46.0687863520144,
              "p": 1.323536456448977e-10,
              "partial_eta2": 0.19031279103048648
            },
            "C(intent):C(topic)": {
              "sum_sq": 315.4505813488669,
              "df": 1.0,
              "F": 0.7750969070840412,
              "p": 0.37972311175138085,
              "partial_eta2": 0.003938998985476486
            }
          },
          "residual_df": 196.0,
          "r_squared": 0.9705333734927363,
          "auc_intent": 1.0,
          "auc_topic": 0.6512
        }
      },
      "verdict_decision_layer": "CLEAN \u2014 d_hat tracks harmful intent; topic effect negligible."
    },
    {
      "name": "refusal_direction_matched",
      "path": "results/qwen3-14b/refusal_direction_matched",
      "by_layer": {
        "36": {
          "terms": {
            "C(intent)": {
              "sum_sq": 15189297.014761074,
              "df": 1.0,
              "F": 4371.187547063054,
              "p": 5.7569517327686245e-136,
              "partial_eta2": 0.9570851868944952
            },
            "C(topic)": {
              "sum_sq": 108055.43175594354,
              "df": 1.0,
              "F": 31.096275043215474,
              "p": 8.065788975406759e-08,
              "partial_eta2": 0.13692992118562042
            },
            "C(intent):C(topic)": {
              "sum_sq": 3320.686493090796,
              "df": 1.0,
              "F": 0.9556297063776454,
              "p": 0.32949545897518817,
              "partial_eta2": 0.004852005031804892
            }
          },
          "residual_df": 196.0,
          "r_squared": 0.9573842584076041,
          "auc_intent": 1.0,
          "auc_topic": 0.6256
        },
        "28": {
          "terms": {
            "C(intent)": {
              "sum_sq": 2411324.614485197,
              "df": 1.0,
              "F": 5164.508003920844,
              "p": 8.753371986370398e-143,
              "partial_eta2": 0.963436301213124
            },
            "C(topic)": {
              "sum_sq": 20379.884043906106,
              "df": 1.0,
              "F": 43.64906891070013,
              "p": 3.617265992938527e-10,
              "partial_eta2": 0.18213744417661384
            },
            "C(intent):C(topic)": {
              "sum_sq": 147.36338015448564,
              "df": 1.0,
              "F": 0.31561878965646967,
              "p": 0.5748944168646924,
              "partial_eta2": 0.0016077110502075804
            }
          },
          "residual_df": 196.0,
          "r_squared": 0.963733742182865,
          "auc_intent": 1.0,
          "auc_topic": 0.6373
        }
      },
      "verdict_decision_layer": "MIXED \u2014 intent dominates but topic non-trivial; orthogonalise as robustness check."
    }
  ]
}