{
  "decision_constants": {
    "layer": 18,
    "intent_eta2_hi": 0.5,
    "topic_eta2_lo": 0.1
  },
  "refusal_dirs": [
    {
      "name": "refusal_direction",
      "path": "results/qwen3-14b/refusal_direction",
      "by_layer": {
        "18": {
          "terms": {
            "C(intent)": {
              "sum_sq": 60574.425781382095,
              "df": 1.0,
              "F": 1464.8668198968187,
              "p": 6.768884940235916e-93,
              "partial_eta2": 0.8819893337310596
            },
            "C(topic)": {
              "sum_sq": 1870.068676044144,
              "df": 1.0,
              "F": 45.22373128805474,
              "p": 1.8779206216010545e-10,
              "partial_eta2": 0.18747629450292894
            },
            "C(intent):C(topic)": {
              "sum_sq": 220.65322237141794,
              "df": 1.0,
              "F": 5.3360404161610795,
              "p": 0.021930213881903197,
              "partial_eta2": 0.026503155645315656
            }
          },
          "residual_df": 196.0,
          "r_squared": 0.8854756605034149,
          "auc_intent": 1.0,
          "auc_topic": 0.6381
        },
        "20": {
          "terms": {
            "C(intent)": {
              "sum_sq": 124109.05653187093,
              "df": 1.0,
              "F": 1746.0556238265794,
              "p": 1.4776305323672343e-99,
              "partial_eta2": 0.8990760112144438
            },
            "C(topic)": {
              "sum_sq": 1761.5134279369597,
              "df": 1.0,
              "F": 24.78224001731519,
              "p": 1.4024331507688546e-06,
              "partial_eta2": 0.11224743446470878
            },
            "C(intent):C(topic)": {
              "sum_sq": 122.1911692095995,
              "df": 1.0,
              "F": 1.7190734032014652,
              "p": 0.19134634503037037,
              "partial_eta2": 0.008694524881248153
            }
          },
          "residual_df": 196.0,
          "r_squared": 0.900434680708756,
          "auc_intent": 1.0,
          "auc_topic": 0.6289
        },
        "28": {
          "terms": {
            "C(intent)": {
              "sum_sq": 2600266.4371093824,
              "df": 1.0,
              "F": 6458.802103512803,
              "p": 5.439185748103671e-152,
              "partial_eta2": 0.9705475839925368
            },
            "C(topic)": {
              "sum_sq": 18577.4660302241,
              "df": 1.0,
              "F": 46.144570018499856,
              "p": 1.2827398136074655e-10,
              "partial_eta2": 0.19056619776761632
            },
            "C(intent):C(topic)": {
              "sum_sq": 197.30233337232386,
              "df": 1.0,
              "F": 0.4900792886554277,
              "p": 0.4847220290721763,
              "partial_eta2": 0.002494168104718776
            }
          },
          "residual_df": 196.0,
          "r_squared": 0.9707525405029714,
          "auc_intent": 1.0,
          "auc_topic": 0.6518
        }
      },
      "verdict_decision_layer": "MIXED \u2014 intent dominates but topic non-trivial; orthogonalise as robustness check."
    },
    {
      "name": "refusal_direction_matched",
      "path": "results/qwen3-14b/refusal_direction_matched",
      "by_layer": {
        "18": {
          "terms": {
            "C(intent)": {
              "sum_sq": 54669.28147394327,
              "df": 1.0,
              "F": 1113.0806659671766,
              "p": 9.299926472717388e-83,
              "partial_eta2": 0.8502766062508523
            },
            "C(topic)": {
              "sum_sq": 1716.486632384105,
              "df": 1.0,
              "F": 34.9481103900824,
              "p": 1.4806289076697061e-08,
              "partial_eta2": 0.15132451324695131
            },
            "C(intent):C(topic)": {
              "sum_sq": 163.68314608700334,
              "df": 1.0,
              "F": 3.3326310560888173,
              "p": 0.06944001579266648,
              "partial_eta2": 0.016718943799778927
            }
          },
          "residual_df": 196.0,
          "r_squared": 0.8545304927678763,
          "auc_intent": 0.9999,
          "auc_topic": 0.6293
        },
        "20": {
          "terms": {
            "C(intent)": {
              "sum_sq": 116691.73168597522,
              "df": 1.0,
              "F": 1427.2618520577132,
              "p": 6.396078030897282e-92,
              "partial_eta2": 0.8792554634660191
            },
            "C(topic)": {
              "sum_sq": 1590.2422289837393,
              "df": 1.0,
              "F": 19.45032468168012,
              "p": 1.7010007677880953e-05,
              "partial_eta2": 0.09027753710938824
            },
            "C(intent):C(topic)": {
              "sum_sq": 66.72677019751276,
              "df": 1.0,
              "F": 0.816138146533116,
              "p": 0.36742067016069996,
              "partial_eta2": 0.004146703386312186
            }
          },
          "residual_df": 196.0,
          "r_squared": 0.8807443728077151,
          "auc_intent": 0.9998,
          "auc_topic": 0.6098
        },
        "28": {
          "terms": {
            "C(intent)": {
              "sum_sq": 2406864.123399838,
              "df": 1.0,
              "F": 5150.235835448991,
              "p": 1.1367503613424036e-142,
              "partial_eta2": 0.9633386917388878
            },
            "C(topic)": {
              "sum_sq": 20433.100597604676,
              "df": 1.0,
              "F": 43.72298623092471,
              "p": 3.507273200356136e-10,
              "partial_eta2": 0.18238962778816062
            },
            "C(intent):C(topic)": {
              "sum_sq": 72.83230791376037,
              "df": 1.0,
              "F": 0.1558474192826672,
              "p": 0.6934380915824867,
              "partial_eta2": 0.0007945081491735685
            }
          },
          "residual_df": 196.0,
          "r_squared": 0.9636371372350124,
          "auc_intent": 1.0,
          "auc_topic": 0.6382
        }
      },
      "verdict_decision_layer": "MIXED \u2014 intent dominates but topic non-trivial; orthogonalise as robustness check."
    }
  ]
}