{
  "decision_constants": {
    "layer": 18,
    "intent_eta2_hi": 0.5,
    "topic_eta2_lo": 0.1
  },
  "refusal_dirs": [
    {
      "name": "refusal_direction",
      "path": "results/qwen3-14b/refusal_direction",
      "by_layer": {
        "18": {
          "terms": {
            "C(intent)": {
              "sum_sq": 61264.130435673025,
              "df": 1.0,
              "F": 1412.0513790685782,
              "p": 1.610206636338678e-91,
              "partial_eta2": 0.8781133472777918
            },
            "C(topic)": {
              "sum_sq": 1992.8623880216803,
              "df": 1.0,
              "F": 45.93265363089781,
              "p": 1.4001450951901556e-10,
              "partial_eta2": 0.1898571893522671
            },
            "C(intent):C(topic)": {
              "sum_sq": 264.1144178931967,
              "df": 1.0,
              "F": 6.087463012464875,
              "p": 0.014472220257920292,
              "partial_eta2": 0.03012291273155028
            }
          },
          "residual_df": 196.0,
          "r_squared": 0.8819327959631379,
          "auc_intent": 1.0,
          "auc_topic": 0.6307,
          "verdict": "MIXED — intent dominates but topic non-trivial; orthogonalise as robustness check."
        },
        "20": {
          "terms": {
            "C(intent)": {
              "sum_sq": 121237.6747910227,
              "df": 1.0,
              "F": 1647.8584484765076,
              "p": 2.394384032918201e-97,
              "partial_eta2": 0.8937011676997519
            },
            "C(topic)": {
              "sum_sq": 1434.2310427908099,
              "df": 1.0,
              "F": 19.49402069120771,
              "p": 1.6659829082213352e-05,
              "partial_eta2": 0.0904620027445758
            },
            "C(intent):C(topic)": {
              "sum_sq": 48.37017350985004,
              "df": 1.0,
              "F": 0.6574457915814718,
              "p": 0.41844658948890195,
              "partial_eta2": 0.003343101446960905
            }
          },
          "residual_df": 196.0,
          "r_squared": 0.8948503447181072,
          "auc_intent": 1.0,
          "auc_topic": 0.6102,
          "verdict_legacy_L20": "CLEAN — d_hat tracks harmful intent; topic effect negligible. (preregistration L20, superseded by L18 cascade)"
        },
        "28": {
          "terms": {
            "C(intent)": {
              "sum_sq": 2386133.341907117,
              "df": 1.0,
              "F": 4709.818096577294,
              "p": 5.192712600860762e-139,
              "partial_eta2": 0.9600474383392352
            },
            "C(topic)": {
              "sum_sq": 4689.020474786825,
              "df": 1.0,
              "F": 9.255322449717525,
              "p": 0.002669694985290935,
              "partial_eta2": 0.04509175372046613
            },
            "C(intent):C(topic)": {
              "sum_sq": 6702.564357204534,
              "df": 1.0,
              "F": 13.229712836502783,
              "p": 0.00035224038143878456,
              "partial_eta2": 0.06323056442198917
            }
          },
          "residual_df": 196.0,
          "r_squared": 0.9602297190826637,
          "auc_intent": 1.0,
          "auc_topic": 0.5604
        }
      },
      "verdict_decision_layer": "MIXED \u2014 intent dominates but topic non-trivial; orthogonalise as robustness check."
    },
    {
      "name": "refusal_direction_matched",
      "path": "results/qwen3-14b/refusal_direction_matched",
      "by_layer": {
        "18": {
          "terms": {
            "C(intent)": {
              "sum_sq": 54517.59816091404,
              "df": 1.0,
              "F": 1087.7318022440406,
              "p": 6.330726324320948e-82,
              "partial_eta2": 0.8473201336467787
            },
            "C(topic)": {
              "sum_sq": 1689.6959800429634,
              "df": 1.0,
              "F": 33.71271141094284,
              "p": 2.540850192621015e-08,
              "partial_eta2": 0.1467603216377205
            },
            "C(intent):C(topic)": {
              "sum_sq": 155.48293178253985,
              "df": 1.0,
              "F": 3.102185997021072,
              "p": 0.07974649607278193,
              "partial_eta2": 0.015580873617668297
            }
          },
          "residual_df": 196.0,
          "r_squared": 0.8515766234911261,
          "auc_intent": 0.9999,
          "auc_topic": 0.6224,
          "verdict": "MIXED — intent dominates but topic non-trivial; orthogonalise as robustness check."
        },
        "20": {
          "terms": {
            "C(intent)": {
              "sum_sq": 112809.317719133,
              "df": 1.0,
              "F": 1350.326374122723,
              "p": 7.480876436633444e-90,
              "partial_eta2": 0.8732479745026682
            },
            "C(topic)": {
              "sum_sq": 1166.0251265615998,
              "df": 1.0,
              "F": 13.957308785485804,
              "p": 0.0002451890825206377,
              "partial_eta2": 0.06647688935537861
            },
            "C(intent):C(topic)": {
              "sum_sq": 5.943426148276202,
              "df": 1.0,
              "F": 0.07114274993356165,
              "p": 0.7899605574958347,
              "partial_eta2": 0.00036284151219690775
            }
          },
          "residual_df": 196.0,
          "r_squared": 0.8743875452063735,
          "auc_intent": 0.9998,
          "auc_topic": 0.5866,
          "verdict_legacy_L20": "CLEAN — d_hat tracks harmful intent; topic effect negligible. (preregistration L20, superseded by L18 cascade)"
        },
        "28": {
          "terms": {
            "C(intent)": {
              "sum_sq": 2216114.0714965397,
              "df": 1.0,
              "F": 3988.0132224487297,
              "p": 3.094174715966707e-132,
              "partial_eta2": 0.9531550237584362
            },
            "C(topic)": {
              "sum_sq": 6431.894527686439,
              "df": 1.0,
              "F": 11.574530730039273,
              "p": 0.0008104517684296651,
              "partial_eta2": 0.05576084257221571
            },
            "C(intent):C(topic)": {
              "sum_sq": 5080.765477904681,
              "df": 1.0,
              "F": 9.143103311627769,
              "p": 0.0028305861427248254,
              "partial_eta2": 0.04456939162969913
            }
          },
          "residual_df": 196.0,
          "r_squared": 0.9533858392630634,
          "auc_intent": 1.0,
          "auc_topic": 0.558
        }
      },
      "verdict_decision_layer": "MIXED \u2014 intent dominates but topic non-trivial; orthogonalise as robustness check."
    }
  ]
}