{
  "refusal_dirs": [
    {
      "name": "refusal_direction",
      "by_layer": {
        "20": {
          "intent=0,topic=0": {
            "n": 50,
            "mean": -7.6039228439331055,
            "std": 4.922422885894775
          },
          "intent=0,topic=1": {
            "n": 50,
            "mean": -1.2862969636917114,
            "std": 3.066847801208496
          },
          "intent=1,topic=0": {
            "n": 50,
            "mean": 42.75934982299805,
            "std": 12.816642761230469
          },
          "intent=1,topic=1": {
            "n": 50,
            "mean": 47.049930572509766,
            "std": 9.816909790039062
          }
        },
        "28": {
          "intent=0,topic=0": {
            "n": 50,
            "mean": -49.757389068603516,
            "std": 23.72486114501953
          },
          "intent=0,topic=1": {
            "n": 50,
            "mean": -51.732452392578125,
            "std": 7.83235502243042
          },
          "intent=1,topic=0": {
            "n": 50,
            "mean": 157.0943145751953,
            "std": 29.913400650024414
          },
          "intent=1,topic=1": {
            "n": 50,
            "mean": 178.6192626953125,
            "std": 23.25173568725586
          }
        }
      }
    },
    {
      "name": "refusal_direction_matched",
      "by_layer": {
        "20": {
          "intent=0,topic=0": {
            "n": 50,
            "mean": -9.3994722366333,
            "std": 5.663660526275635
          },
          "intent=0,topic=1": {
            "n": 50,
            "mean": -4.2689924240112305,
            "std": 4.490116596221924
          },
          "intent=1,topic=0": {
            "n": 50,
            "mean": 38.581199645996094,
            "std": 13.223289489746094
          },
          "intent=1,topic=1": {
            "n": 50,
            "mean": 42.986663818359375,
            "std": 10.376554489135742
          }
        },
        "28": {
          "intent=0,topic=0": {
            "n": 50,
            "mean": -49.039306640625,
            "std": 24.671722412109375
          },
          "intent=0,topic=1": {
            "n": 50,
            "mean": -47.87541198730469,
            "std": 12.045201301574707
          },
          "intent=1,topic=0": {
            "n": 50,
            "mean": 151.39312744140625,
            "std": 30.63758087158203
          },
          "intent=1,topic=1": {
            "n": 50,
            "mean": 173.06886291503906,
            "std": 23.81191635131836
          }
        }
      }
    }
  ]
}