{
  "refusal_dirs": [
    {
      "name": "refusal_direction",
      "by_layer": {
        "18": {
          "intent=0,topic=0": {
            "n": 50,
            "mean": -8.311683654785156,
            "std": 5.238063335418701
          },
          "intent=0,topic=1": {
            "n": 50,
            "mean": 0.2998998761177063,
            "std": 2.216815710067749
          },
          "intent=1,topic=0": {
            "n": 50,
            "mean": 28.990678787231445,
            "std": 9.073288917541504
          },
          "intent=1,topic=1": {
            "n": 50,
            "mean": 33.005615234375,
            "std": 7.672699451446533
          }
        },
        "28": {
          "intent=0,topic=0": {
            "n": 50,
            "mean": -49.79994583129883,
            "std": 23.751100540161133
          },
          "intent=0,topic=1": {
            "n": 50,
            "mean": -51.6939811706543,
            "std": 7.802017688751221
          },
          "intent=1,topic=0": {
            "n": 50,
            "mean": 157.0771942138672,
            "std": 29.477903366088867
          },
          "intent=1,topic=1": {
            "n": 50,
            "mean": 178.33926391601562,
            "std": 23.077808380126953
          }
        }
      }
    },
    {
      "name": "refusal_direction_matched",
      "by_layer": {
        "18": {
          "intent=0,topic=0": {
            "n": 50,
            "mean": -9.441378593444824,
            "std": 5.386598110198975
          },
          "intent=0,topic=1": {
            "n": 50,
            "mean": -1.8647027015686035,
            "std": 2.9043588638305664
          },
          "intent=1,topic=0": {
            "n": 50,
            "mean": 25.342519760131836,
            "std": 9.448812484741211
          },
          "intent=1,topic=1": {
            "n": 50,
            "mean": 29.392351150512695,
            "std": 8.587838172912598
          }
        },
        "28": {
          "intent=0,topic=0": {
            "n": 50,
            "mean": -48.948333740234375,
            "std": 24.708887100219727
          },
          "intent=0,topic=1": {
            "n": 50,
            "mean": -47.686912536621094,
            "std": 12.000250816345215
          },
          "intent=1,topic=0": {
            "n": 50,
            "mean": 151.4998016357422,
            "std": 30.177980422973633
          },
          "intent=1,topic=1": {
            "n": 50,
            "mean": 172.92210388183594,
            "std": 23.612058639526367
          }
        }
      }
    }
  ]
}