{
  "refusal_dirs": [
    {
      "name": "refusal_direction",
      "by_layer": {
        "36": {
          "intent=0,topic=0": {
            "n": 50,
            "mean": -132.1393280029297,
            "std": 39.654842376708984
          },
          "intent=0,topic=1": {
            "n": 50,
            "mean": -90.46675872802734,
            "std": 22.832969665527344
          },
          "intent=1,topic=0": {
            "n": 50,
            "mean": 450.95330810546875,
            "std": 79.28590393066406
          },
          "intent=1,topic=1": {
            "n": 50,
            "mean": 482.81072998046875,
            "std": 69.91220092773438
          }
        },
        "28": {
          "intent=0,topic=0": {
            "n": 50,
            "mean": -69.13842010498047,
            "std": 12.091596603393555
          },
          "intent=0,topic=1": {
            "n": 50,
            "mean": -52.28571319580078,
            "std": 7.5707526206970215
          },
          "intent=1,topic=0": {
            "n": 50,
            "mean": 156.7462158203125,
            "std": 29.793302536010742
          },
          "intent=1,topic=1": {
            "n": 50,
            "mean": 178.6224822998047,
            "std": 23.16817855834961
          }
        }
      }
    },
    {
      "name": "refusal_direction_matched",
      "by_layer": {
        "36": {
          "intent=0,topic=0": {
            "n": 50,
            "mean": -109.31761932373047,
            "std": 46.79780197143555
          },
          "intent=0,topic=1": {
            "n": 50,
            "mean": -54.6804313659668,
            "std": 31.05552864074707
          },
          "intent=1,topic=0": {
            "n": 50,
            "mean": 449.9996337890625,
            "std": 79.75015258789062
          },
          "intent=1,topic=1": {
            "n": 50,
            "mean": 488.3379211425781,
            "std": 66.21859741210938
          }
        },
        "28": {
          "intent=0,topic=0": {
            "n": 50,
            "mean": -66.53993225097656,
            "std": 15.857805252075195
          },
          "intent=0,topic=1": {
            "n": 50,
            "mean": -48.06764602661133,
            "std": 11.77699089050293
          },
          "intent=1,topic=0": {
            "n": 50,
            "mean": 151.34861755371094,
            "std": 30.380155563354492
          },
          "intent=1,topic=1": {
            "n": 50,
            "mean": 173.25440979003906,
            "std": 23.547632217407227
          }
        }
      }
    }
  ]
}