head,N,frac_attn_on_harmful_span_mean,frac_attn_on_harmful_span_std,n_prompts
L22H7,0,0.054042319387580785,0.016140522208046706,6
L22H7,2048,0.022868101793000733,0.01539355133856355,6
